Age,Sex,Job,Housing,Saving_accounts,Checking_account,Credit_amount,Duration,Purpose,Credit_Status
57,male,highly_skilled,rent,little,little,4736,36,furniture/equipment,Bad
70,male,unskilled,own,little,moderate,1490,30,furniture/equipment,Bad
47,male,unskilled,own,little,moderate,2738,6,radio/TV,Good
33,female,skilled,own,little,moderate,938,48,radio/TV,Good
61,male,skilled,rent,moderate,rich,4314,36,furniture/equipment,Good
26,male,skilled,own,little,nan,411,60,education,Bad
39,male,unskilled,own,little,little,5992,6,business,Bad
57,male,unskilled,own,little,moderate,912,18,repairs,Bad
37,male,management,own,moderate,little,6473,12,business,Good
41,male,unskilled,own,little,little,1554,30,education,Bad
29,male,skilled,own,little,nan,4097,36,repairs,Bad
29,male,skilled,rent,little,nan,1403,12,radio/TV,Good
42,male,skilled,own,little,moderate,7340,30,repairs,Bad
71,male,unskilled,own,little,nan,656,30,furniture/equipment,Bad
54,male,skilled,own,little,nan,839,30,business,Good
58,male,unskilled,own,quite rich,nan,2287,12,repairs,Good
42,male,management,own,little,little,506,36,furniture/equipment,Good
21,male,skilled,own,nan,nan,904,48,education,Good
40,female,skilled,own,nan,moderate,8884,24,repairs,Bad
71,male,management,rent,little,moderate,11500,12,furniture/equipment,Bad
20,female,skilled,own,little,little,1666,60,education,Good
42,male,skilled,own,little,moderate,7953,30,radio/TV,Bad
62,male,skilled,rent,quite rich,little,2611,36,education,Good
48,female,skilled,own,little,little,1193,48,education,Bad
56,female,skilled,own,little,moderate,3886,18,business,Bad
20,male,highly_skilled,own,little,nan,3476,60,furniture/equipment,Bad
39,male,skilled,own,rich,nan,13813,6,repairs,Bad
51,female,skilled,rent,quite rich,moderate,1173,60,business,Good
30,female,skilled,own,little,nan,3594,30,car,Bad
40,male,skilled,rent,moderate,nan,410,18,education,Good
62,male,unskilled,free,little,nan,611,24,car,Good
43,male,skilled,own,little,little,261,48,business,Good
67,male,highly_skilled,free,rich,rich,22825,48,furniture/equipment,Bad
45,male,unskilled,own,little,nan,5112,30,business,Bad
60,male,skilled,free,little,rich,4885,60,furniture/equipment,Bad
46,male,skilled,own,little,moderate,2388,60,furniture/equipment,Bad
34,female,skilled,own,rich,moderate,1320,48,radio/TV,Good
33,male,unskilled,own,quite rich,rich,742,18,education,Good
65,male,skilled,own,moderate,moderate,1255,30,business,Good
69,female,skilled,own,quite rich,little,1664,12,furniture/equipment,Good
62,female,skilled,own,little,moderate,4485,36,business,Good
73,male,skilled,own,little,nan,2577,18,business,Good
70,male,skilled,own,little,nan,491,36,furniture/equipment,Good
21,male,management,rent,little,little,304,12,repairs,Bad
55,male,skilled,own,little,nan,573,12,car,Good
69,male,skilled,free,nan,moderate,1835,36,education,Good
25,male,unskilled,rent,little,rich,8367,18,education,Bad
39,male,highly_skilled,free,little,nan,3293,36,repairs,Bad
27,male,management,own,little,nan,5105,36,radio/TV,Bad
57,male,skilled,own,little,nan,2134,6,repairs,Good
36,male,management,own,nan,moderate,1596,18,radio/TV,Good
22,male,skilled,rent,little,nan,594,60,radio/TV,Bad
43,male,skilled,own,little,little,6510,60,repairs,Bad
32,male,unskilled,own,quite rich,nan,4835,6,education,Good
68,female,skilled,own,little,nan,802,30,car,Good
27,male,unskilled,free,little,rich,2403,48,education,Bad
44,male,management,own,little,little,2254,60,education,Bad
71,female,skilled,own,little,nan,3193,36,education,Bad
20,male,skilled,own,nan,little,9016,30,repairs,Bad
38,male,unskilled,own,quite rich,little,2850,60,repairs,Bad
46,male,skilled,own,little,nan,2581,18,repairs,Bad
65,male,skilled,own,quite rich,moderate,404,36,education,Good
25,female,skilled,own,little,nan,444,48,car,Bad
62,male,unskilled,rent,little,moderate,872,30,radio/TV,Good
26,male,management,own,little,little,349,60,business,Bad
65,male,skilled,rent,little,nan,4330,60,radio/TV,Bad
53,male,skilled,rent,little,moderate,4104,24,radio/TV,Bad
32,male,skilled,own,moderate,little,688,60,business,Bad
35,male,skilled,own,nan,nan,5675,12,education,Bad
54,male,skilled,own,little,moderate,754,36,car,Good
68,female,skilled,rent,little,rich,1325,48,car,Good
58,male,management,own,little,moderate,1108,12,radio/TV,Good
22,male,skilled,own,little,nan,1647,6,business,Good
20,male,highly_skilled,own,little,nan,1131,30,furniture/equipment,Good
24,male,management,own,little,nan,2263,60,education,Good
72,male,skilled,own,rich,little,1819,6,radio/TV,Good
60,male,management,own,little,nan,13180,48,car,Bad
22,male,unskilled,rent,little,rich,422,36,repairs,Good
72,male,management,own,little,rich,710,12,repairs,Good
47,male,skilled,own,little,moderate,412,12,business,Good
36,female,management,own,little,nan,3199,30,business,Bad
44,male,management,rent,moderate,nan,418,36,radio/TV,Good
62,male,management,own,little,little,5681,60,furniture/equipment,Bad
52,male,skilled,free,moderate,moderate,2401,24,car,Good
28,female,skilled,own,little,nan,2496,24,radio/TV,Bad
54,male,unskilled,own,little,little,2723,30,furniture/equipment,Good
32,male,skilled,own,little,nan,811,36,business,Good
49,female,unskilled,own,quite rich,rich,910,30,repairs,Good
66,female,skilled,own,little,rich,1401,36,education,Good
33,female,skilled,own,quite rich,little,2950,48,repairs,Bad
26,male,highly_skilled,rent,little,little,957,48,car,Good
32,male,skilled,own,quite rich,nan,621,6,car,Good
41,male,management,own,little,little,10781,60,repairs,Bad
58,female,unskilled,own,moderate,nan,316,30,repairs,Good
39,male,management,own,little,moderate,5119,60,furniture/equipment,Bad
34,male,management,own,nan,little,4904,36,radio/TV,Good
63,male,skilled,own,little,little,1308,24,business,Bad
36,female,skilled,own,little,moderate,687,60,furniture/equipment,Bad
65,male,skilled,own,little,nan,722,36,education,Good
71,male,unskilled,own,quite rich,moderate,3836,48,repairs,Bad
42,male,skilled,own,little,moderate,3338,36,education,Bad
44,male,skilled,own,quite rich,moderate,4830,30,education,Bad
43,male,unskilled,own,little,moderate,8566,6,furniture/equipment,Bad
63,male,skilled,free,little,moderate,3782,6,business,Good
59,male,unskilled,own,little,nan,758,6,car,Good
47,male,unskilled,own,nan,moderate,1086,6,radio/TV,Good
33,male,unskilled,own,moderate,moderate,5789,48,car,Bad
63,male,highly_skilled,rent,nan,little,954,18,business,Good
19,male,skilled,rent,little,nan,475,60,car,Bad
43,male,highly_skilled,own,moderate,little,3894,30,repairs,Good
25,male,skilled,free,moderate,little,1795,12,repairs,Bad
27,male,skilled,own,little,rich,7828,30,furniture/equipment,Bad
42,male,skilled,own,rich,moderate,3401,18,education,Bad
19,male,skilled,rent,nan,moderate,534,6,business,Good
62,female,unskilled,rent,nan,moderate,9111,18,business,Bad
26,male,skilled,own,moderate,nan,1147,24,car,Good
42,female,skilled,own,little,little,1483,24,furniture/equipment,Bad
29,male,skilled,own,little,nan,1793,60,car,Bad
69,male,skilled,own,nan,rich,407,48,car,Good
35,female,unskilled,rent,little,moderate,2308,30,business,Bad
26,male,unskilled,own,moderate,moderate,644,30,car,Good
53,male,skilled,own,moderate,little,1787,12,education,Good
53,male,skilled,own,moderate,nan,1545,48,car,Bad
51,male,unskilled,own,nan,moderate,4696,12,education,Bad
23,female,highly_skilled,own,little,moderate,5126,24,business,Good
60,female,unskilled,own,little,moderate,749,6,furniture/equipment,Good
57,female,skilled,free,little,nan,1619,18,repairs,Good
59,male,highly_skilled,rent,little,moderate,1652,12,education,Good
46,female,skilled,own,little,nan,742,36,furniture/equipment,Good
25,female,unskilled,free,little,moderate,5055,12,furniture/equipment,Bad
27,male,unskilled,rent,rich,little,3935,6,education,Good
26,male,skilled,rent,nan,little,883,6,business,Good
30,female,unskilled,own,little,moderate,1620,30,radio/TV,Bad
52,male,skilled,own,little,little,585,18,furniture/equipment,Good
51,female,unskilled,own,nan,little,3218,6,furniture/equipment,Good
66,male,skilled,own,little,nan,638,48,business,Good
73,female,highly_skilled,own,little,nan,13042,12,business,Bad
41,male,management,own,little,nan,4801,12,car,Good
42,male,skilled,own,little,little,1734,24,business,Bad
55,male,skilled,rent,little,little,2842,6,furniture/equipment,Good
53,female,skilled,own,nan,little,7518,36,education,Bad
62,male,skilled,own,little,nan,2672,30,radio/TV,Good
58,male,skilled,free,little,nan,825,18,car,Bad
40,male,unskilled,free,little,moderate,1677,36,education,Bad
45,female,management,rent,little,little,5807,30,radio/TV,Bad
53,male,skilled,free,moderate,moderate,3350,12,radio/TV,Good
19,female,unskilled,own,quite rich,moderate,3405,36,radio/TV,Good
53,male,skilled,free,quite rich,moderate,6298,30,repairs,Bad
55,male,skilled,own,little,rich,6982,12,education,Bad
65,male,management,own,nan,nan,7819,12,car,Good
32,male,skilled,own,quite rich,little,548,12,car,Good
21,female,skilled,own,quite rich,little,2606,12,radio/TV,Good
19,male,unskilled,own,little,nan,4297,48,education,Bad
23,male,skilled,own,little,little,4493,12,repairs,Bad
44,female,skilled,rent,little,little,3049,24,radio/TV,Bad
73,male,unskilled,own,moderate,little,797,36,business,Bad
32,male,skilled,own,little,little,5039,30,car,Bad
57,female,skilled,rent,little,moderate,4070,24,furniture/equipment,Bad
45,male,unskilled,own,nan,nan,520,48,radio/TV,Good
27,male,skilled,own,nan,moderate,2119,60,business,Bad
33,female,skilled,own,nan,moderate,823,60,car,Bad
33,male,unskilled,own,little,rich,1485,24,repairs,Good
44,male,skilled,own,moderate,moderate,304,6,education,Good
60,male,highly_skilled,free,little,nan,1784,6,car,Good
31,female,management,own,little,nan,2644,6,education,Bad
69,male,highly_skilled,own,little,little,3149,18,education,Bad
50,male,skilled,free,little,nan,3517,6,repairs,Bad
57,female,unskilled,own,little,moderate,5679,30,repairs,Bad
67,female,skilled,own,rich,nan,977,24,radio/TV,Good
70,male,skilled,own,little,moderate,635,30,radio/TV,Good
50,male,management,own,moderate,nan,5972,36,car,Bad
22,male,unskilled,own,little,nan,760,6,repairs,Good
48,female,skilled,own,little,little,11287,48,business,Bad
55,male,unskilled,own,little,moderate,5795,18,car,Bad
41,male,skilled,free,little,nan,2334,36,furniture/equipment,Good
57,female,skilled,own,little,nan,12207,48,education,Bad
63,female,skilled,own,little,little,557,18,education,Bad
33,male,skilled,own,little,nan,1333,60,radio/TV,Bad
61,female,skilled,own,little,moderate,3300,36,business,Bad
47,male,skilled,own,little,little,1542,60,repairs,Bad
54,female,skilled,own,nan,moderate,8158,24,repairs,Bad
31,male,management,rent,little,little,453,30,radio/TV,Bad
50,male,highly_skilled,own,moderate,nan,2641,12,furniture/equipment,Good
25,female,skilled,own,moderate,moderate,2931,30,car,Bad
69,male,skilled,own,nan,nan,3422,6,car,Good
40,male,skilled,own,quite rich,little,1135,60,business,Bad
46,female,skilled,own,little,moderate,1610,48,radio/TV,Bad
20,female,skilled,own,moderate,little,5817,12,radio/TV,Good
60,male,management,own,nan,little,900,18,furniture/equipment,Bad
63,female,unskilled,own,little,little,5511,60,car,Bad
71,male,management,rent,little,little,2731,24,radio/TV,Bad
24,male,skilled,free,little,moderate,4558,24,repairs,Good
46,male,skilled,rent,quite rich,little,4001,60,business,Bad
46,male,skilled,rent,quite rich,moderate,947,60,car,Bad
62,female,management,own,little,moderate,2773,60,furniture/equipment,Good
62,male,skilled,free,little,nan,6318,18,business,Bad
38,male,skilled,own,little,nan,1947,6,education,Good
48,male,unskilled,free,little,moderate,10446,18,repairs,Bad
29,female,skilled,free,nan,moderate,2055,36,furniture/equipment,Bad
73,male,unskilled,rent,little,little,712,48,business,Bad
46,male,skilled,free,little,nan,1730,60,radio/TV,Good
43,male,skilled,own,little,little,9341,48,education,Bad
57,male,skilled,own,moderate,little,1405,6,furniture/equipment,Good
51,male,unskilled,own,little,little,6327,12,radio/TV,Bad
19,female,unskilled,own,moderate,moderate,6642,18,repairs,Bad
45,female,skilled,own,little,little,1543,6,education,Good
70,male,unskilled,own,little,nan,510,48,car,Good
31,female,unskilled,free,little,little,4118,12,radio/TV,Bad
59,female,unskilled,own,little,rich,1369,18,business,Good
21,female,highly_skilled,rent,little,little,4832,24,furniture/equipment,Bad
57,male,skilled,free,nan,little,2003,18,education,Good
24,male,skilled,free,quite rich,nan,2242,30,radio/TV,Good
26,male,skilled,free,nan,little,4764,18,car,Bad
45,male,skilled,own,little,nan,1695,30,furniture/equipment,Good
27,female,skilled,free,nan,moderate,2006,12,furniture/equipment,Good
55,female,skilled,rent,little,little,1665,18,radio/TV,Bad
51,female,unskilled,own,little,nan,1623,12,car,Good
69,male,unskilled,own,little,little,2489,12,repairs,Bad
60,male,unskilled,rent,little,nan,5213,48,repairs,Bad
62,female,skilled,own,moderate,little,1597,6,education,Good
42,female,skilled,own,little,nan,2478,12,radio/TV,Bad
33,male,skilled,own,little,little,3582,12,education,Bad
72,female,unskilled,own,moderate,moderate,1191,48,repairs,Good
50,female,unskilled,own,little,nan,1225,48,furniture/equipment,Good
50,male,highly_skilled,rent,little,nan,8377,18,education,Bad
42,male,skilled,own,little,nan,4107,48,car,Good
59,male,skilled,own,quite rich,nan,2832,18,business,Bad
70,male,skilled,own,quite rich,nan,3379,24,repairs,Bad
67,male,skilled,own,little,little,339,48,repairs,Bad
67,female,skilled,free,little,little,3137,6,car,Good
70,male,unskilled,own,little,little,2387,12,education,Good
30,male,skilled,own,quite rich,moderate,2617,6,radio/TV,Good
57,male,skilled,own,little,moderate,1586,30,furniture/equipment,Good
20,male,skilled,own,little,moderate,504,60,business,Bad
21,female,skilled,rent,little,little,894,48,radio/TV,Bad
67,male,unskilled,rent,little,rich,9282,12,radio/TV,Bad
55,male,highly_skilled,own,little,little,1826,6,car,Bad
67,female,skilled,own,rich,moderate,2135,48,education,Bad
74,male,skilled,own,little,moderate,412,48,repairs,Bad
35,male,highly_skilled,own,little,nan,364,60,repairs,Good
67,male,skilled,own,quite rich,nan,4038,24,car,Good
20,male,skilled,own,quite rich,rich,2567,24,education,Bad
20,male,skilled,own,little,little,2382,12,car,Good
46,male,management,own,little,moderate,1085,30,repairs,Good
72,male,skilled,free,little,little,4346,24,radio/TV,Good
41,female,unskilled,free,nan,moderate,802,60,furniture/equipment,Good
55,male,skilled,own,little,moderate,881,24,education,Good
50,male,management,rent,nan,little,2102,30,business,Good
51,male,skilled,own,moderate,little,1261,6,business,Good
19,male,skilled,own,little,nan,1102,24,radio/TV,Bad
37,male,skilled,rent,little,nan,3358,60,car,Bad
20,male,skilled,free,little,moderate,3407,18,car,Good
71,female,skilled,free,little,little,5470,60,repairs,Bad
62,male,management,own,little,little,1872,36,radio/TV,Bad
44,male,skilled,own,moderate,moderate,477,36,repairs,Good
50,male,unskilled,rent,nan,nan,1209,24,repairs,Good
24,female,unskilled,own,little,little,11986,6,business,Bad
50,male,management,own,moderate,nan,2970,48,repairs,Bad
73,male,skilled,own,little,little,3960,6,repairs,Good
22,male,skilled,own,little,nan,272,60,business,Bad
73,female,management,own,little,moderate,2440,12,car,Bad
29,male,management,own,moderate,nan,364,18,education,Good
74,female,management,free,nan,moderate,2776,6,furniture/equipment,Good
35,male,management,own,moderate,rich,7856,30,repairs,Bad
56,male,skilled,own,little,little,10615,60,education,Bad
42,male,skilled,own,little,little,2583,18,business,Bad
23,male,skilled,own,little,nan,2088,36,education,Bad
70,male,management,own,little,nan,8952,60,furniture/equipment,Bad
52,male,skilled,own,rich,nan,3608,18,education,Good
24,female,skilled,rent,quite rich,rich,451,30,education,Good
40,male,skilled,own,moderate,nan,2130,24,education,Good
29,male,unskilled,free,little,little,1074,30,education,Bad
66,male,skilled,own,little,moderate,2153,30,radio/TV,Good
34,male,highly_skilled,own,little,moderate,2073,24,repairs,Bad
51,male,management,own,little,rich,2867,24,business,Good
27,male,unskilled,own,little,moderate,1573,24,furniture/equipment,Bad
24,male,unskilled,rent,moderate,little,788,24,business,Bad
34,female,unskilled,own,moderate,moderate,2351,24,radio/TV,Good
47,female,skilled,own,little,nan,5569,30,radio/TV,Bad
21,male,management,free,little,moderate,3522,12,radio/TV,Bad
38,male,skilled,free,little,little,1489,12,repairs,Bad
54,male,skilled,free,little,little,8474,60,radio/TV,Bad
37,male,management,own,quite rich,little,7548,6,education,Bad
44,male,skilled,rent,little,little,954,12,business,Good
21,male,skilled,own,little,rich,370,36,car,Bad
37,female,skilled,own,little,rich,4306,12,furniture/equipment,Bad
38,male,skilled,own,rich,rich,5523,30,radio/TV,Bad
50,male,skilled,own,little,moderate,10563,24,business,Bad
25,male,skilled,own,little,nan,6867,60,radio/TV,Bad
70,male,skilled,own,little,little,3002,24,repairs,Bad
59,male,management,rent,moderate,moderate,2515,48,radio/TV,Bad
51,male,skilled,own,nan,nan,334,48,radio/TV,Good
58,male,skilled,own,little,little,1099,48,radio/TV,Bad
57,female,unskilled,own,nan,little,2096,30,radio/TV,Bad
36,male,skilled,free,nan,nan,3220,36,furniture/equipment,Bad
58,male,unskilled,own,nan,moderate,2694,12,business,Good
19,male,skilled,own,moderate,rich,4321,30,repairs,Bad
29,male,skilled,rent,moderate,little,1234,6,radio/TV,Good
46,male,highly_skilled,rent,little,rich,2746,60,radio/TV,Good
43,female,unskilled,own,quite rich,moderate,526,24,radio/TV,Good
68,female,skilled,own,little,little,1851,48,radio/TV,Bad
41,female,management,rent,moderate,rich,4410,18,education,Good
49,male,skilled,own,little,little,3796,6,education,Good
48,male,skilled,own,moderate,moderate,14264,48,car,Bad
60,male,skilled,rent,quite rich,little,1226,36,radio/TV,Good
53,male,skilled,own,little,little,2318,6,car,Good
25,female,unskilled,own,rich,little,1449,30,furniture/equipment,Good
34,male,skilled,own,little,little,1992,12,car,Bad
44,male,skilled,own,rich,nan,6083,24,business,Bad
66,male,skilled,own,little,little,3708,60,education,Bad
70,male,unskilled,rent,little,moderate,6672,36,education,Bad
67,male,skilled,own,nan,little,932,36,radio/TV,Bad
20,male,unskilled,own,little,moderate,6449,18,radio/TV,Bad
19,male,skilled,own,rich,nan,434,6,furniture/equipment,Good
66,female,skilled,own,little,little,6833,18,repairs,Bad
30,female,highly_skilled,free,little,nan,1447,12,furniture/equipment,Good
23,male,skilled,own,little,little,1383,48,business,Bad
55,male,skilled,own,little,nan,2402,12,radio/TV,Good
50,male,unskilled,own,little,moderate,8724,48,radio/TV,Bad
73,male,skilled,own,little,nan,396,18,furniture/equipment,Good
27,male,management,own,little,moderate,1552,24,furniture/equipment,Bad
59,male,highly_skilled,rent,little,moderate,6075,12,furniture/equipment,Good
53,male,skilled,free,nan,little,1762,18,education,Good
37,male,skilled,own,nan,little,916,6,car,Good
66,male,skilled,own,little,nan,1909,18,car,Good
34,male,management,rent,moderate,moderate,1711,18,radio/TV,Good
21,female,skilled,rent,little,moderate,7660,30,education,Bad
38,female,skilled,own,moderate,nan,4555,12,furniture/equipment,Good
42,male,skilled,own,quite rich,moderate,2360,60,radio/TV,Bad
72,female,skilled,own,nan,nan,13612,24,education,Bad
74,male,unskilled,rent,little,nan,2128,24,business,Good
51,female,skilled,rent,quite rich,moderate,430,30,repairs,Good
42,female,skilled,own,little,nan,1162,48,education,Bad
70,male,skilled,own,nan,little,1968,36,radio/TV,Good
29,male,unskilled,free,little,little,762,48,car,Bad
67,male,skilled,rent,moderate,moderate,9094,24,furniture/equipment,Bad
26,male,skilled,free,moderate,little,4618,18,repairs,Bad
54,male,skilled,rent,moderate,nan,1187,30,business,Good
56,male,unskilled,own,little,nan,2930,6,repairs,Good
58,male,skilled,own,nan,moderate,4084,12,repairs,Good
38,female,skilled,own,little,moderate,8754,12,education,Good
53,female,skilled,own,moderate,nan,6651,60,radio/TV,Bad
66,male,skilled,own,little,moderate,2422,12,radio/TV,Bad
43,male,skilled,own,little,moderate,4720,18,repairs,Bad
53,male,management,own,little,moderate,2727,6,furniture/equipment,Good
43,male,skilled,rent,little,nan,2663,30,radio/TV,Good
47,female,management,own,little,moderate,615,30,repairs,Bad
36,male,skilled,free,little,nan,654,12,radio/TV,Good
64,male,unskilled,own,little,nan,2512,6,furniture/equipment,Good
36,male,unskilled,own,quite rich,moderate,1189,6,business,Good
20,male,skilled,own,nan,moderate,313,6,repairs,Good
72,male,skilled,own,little,nan,4099,24,car,Bad
53,female,skilled,rent,little,moderate,349,24,car,Good
34,male,skilled,rent,little,nan,2963,12,repairs,Good
59,male,skilled,own,little,nan,2574,6,education,Good
54,male,skilled,own,moderate,rich,10653,36,business,Bad
51,female,unskilled,own,moderate,nan,2236,6,education,Bad
22,female,skilled,own,little,nan,447,30,car,Good
51,male,skilled,free,little,nan,2656,30,furniture/equipment,Good
32,male,unskilled,rent,little,moderate,5768,12,repairs,Bad
39,male,skilled,own,rich,little,17530,36,radio/TV,Bad
66,male,skilled,rent,nan,moderate,1938,6,car,Good
38,female,skilled,own,little,rich,1408,48,business,Bad
74,male,highly_skilled,free,little,moderate,7364,36,car,Bad
26,male,management,own,rich,nan,886,60,business,Bad
25,male,skilled,rent,nan,moderate,3116,12,business,Good
21,male,skilled,rent,little,rich,1811,30,repairs,Good
35,male,skilled,own,little,little,375,48,business,Good
51,female,skilled,rent,little,nan,1529,30,education,Good
66,male,unskilled,own,little,moderate,1174,24,furniture/equipment,Good
30,male,skilled,own,little,little,3725,12,car,Bad
69,male,management,own,little,little,9165,12,furniture/equipment,Bad
40,male,skilled,free,little,nan,1186,6,radio/TV,Good
73,male,skilled,rent,little,moderate,5255,6,car,Bad
40,male,skilled,own,quite rich,little,420,24,furniture/equipment,Good
64,female,unskilled,rent,little,nan,2567,48,furniture/equipment,Bad
48,male,skilled,own,little,nan,469,60,repairs,Bad
56,male,skilled,free,little,nan,8405,18,repairs,Bad
56,male,unskilled,own,little,moderate,4611,36,radio/TV,Bad
63,male,unskilled,own,nan,moderate,3468,18,business,Good
69,female,management,own,little,nan,5460,18,car,Bad
72,female,skilled,rent,little,moderate,3378,12,repairs,Good
26,male,skilled,rent,moderate,nan,10665,36,car,Bad
45,male,skilled,own,little,little,4004,12,radio/TV,Bad
45,male,management,own,nan,moderate,8007,60,repairs,Bad
52,male,skilled,rent,little,little,2434,36,repairs,Bad
39,male,skilled,own,little,little,623,30,business,Bad
48,male,management,own,little,little,2503,12,car,Bad
51,male,management,free,little,little,657,12,car,Good
46,male,unskilled,own,rich,nan,2943,12,car,Good
65,female,management,own,quite rich,little,2226,48,business,Bad
51,male,skilled,own,little,rich,3173,24,repairs,Good
23,male,skilled,rent,little,nan,280,12,radio/TV,Good
66,female,unskilled,own,quite rich,moderate,900,60,car,Bad
37,male,unskilled,free,nan,little,2277,6,furniture/equipment,Good
22,male,skilled,own,little,nan,9267,6,business,Bad
53,male,skilled,own,little,rich,1701,36,education,Good
67,male,skilled,rent,little,nan,1906,30,radio/TV,Good
35,female,skilled,rent,rich,nan,4012,24,furniture/equipment,Bad
62,female,skilled,own,little,nan,3027,48,car,Good
46,female,unskilled,rent,little,moderate,1315,36,education,Bad
48,male,skilled,own,quite rich,moderate,1837,6,radio/TV,Good
47,male,unskilled,own,little,rich,986,24,business,Good
64,male,skilled,own,little,little,10396,24,education,Bad
71,male,skilled,rent,little,nan,669,30,repairs,Good
24,female,highly_skilled,own,little,little,1644,60,education,Bad
53,male,unskilled,own,little,moderate,328,24,furniture/equipment,Good
59,female,unskilled,own,little,nan,1002,12,radio/TV,Good
55,male,skilled,rent,little,moderate,4798,24,furniture/equipment,Good
42,male,skilled,own,little,moderate,923,30,furniture/equipment,Good
47,male,skilled,rent,quite rich,moderate,500,36,car,Good
67,female,management,own,quite rich,nan,2179,30,business,Good
64,female,skilled,own,little,moderate,280,48,education,Good
71,female,skilled,own,little,nan,515,30,radio/TV,Bad
49,male,skilled,rent,little,little,5194,6,repairs,Good
53,female,skilled,free,little,nan,4678,12,business,Bad
51,female,skilled,own,little,nan,7650,60,business,Bad
70,male,unskilled,own,moderate,little,6033,6,radio/TV,Good
39,male,skilled,own,little,moderate,3698,36,business,Bad
50,male,unskilled,own,little,little,411,18,car,Good
41,female,unskilled,own,little,nan,4831,36,business,Good
51,female,management,own,moderate,moderate,5852,12,car,Good
21,male,unskilled,own,little,rich,5064,24,education,Bad
36,female,skilled,own,moderate,little,2380,30,education,Bad
43,female,skilled,own,little,little,1045,18,furniture/equipment,Good
60,male,skilled,rent,nan,little,5849,12,car,Bad
49,male,management,own,nan,moderate,4146,6,repairs,Good
72,female,unskilled,own,little,moderate,12102,30,education,Bad
21,male,skilled,rent,little,nan,757,36,business,Bad
58,female,highly_skilled,own,little,rich,1017,6,radio/TV,Good
64,male,skilled,own,little,moderate,964,12,radio/TV,Good
42,female,management,own,moderate,nan,4968,12,car,Bad
68,female,unskilled,own,quite rich,nan,870,36,repairs,Bad
50,female,skilled,own,moderate,nan,456,18,furniture/equipment,Good
65,male,skilled,own,quite rich,moderate,19881,36,business,Bad
40,female,skilled,free,little,little,325,24,car,Good
41,female,highly_skilled,own,little,little,5659,6,radio/TV,Good
20,male,skilled,own,moderate,nan,1614,18,car,Good
45,female,skilled,own,little,little,5778,30,business,Bad
60,male,unskilled,own,moderate,moderate,2676,48,repairs,Bad
20,male,skilled,own,little,moderate,7207,24,repairs,Bad
44,male,skilled,rent,little,moderate,8068,18,education,Bad
35,male,highly_skilled,own,nan,rich,277,48,business,Bad
58,male,skilled,own,little,little,485,48,education,Bad
51,female,skilled,own,nan,moderate,1114,6,education,Good
27,male,unskilled,own,nan,rich,3569,12,education,Bad
61,female,unskilled,free,quite rich,nan,6825,30,car,Bad
72,male,skilled,own,moderate,nan,2098,36,radio/TV,Good
66,male,skilled,own,little,nan,3051,6,repairs,Bad
57,male,management,own,rich,nan,876,24,car,Good
47,female,skilled,free,little,moderate,5153,60,radio/TV,Bad
60,male,skilled,own,little,little,10513,48,repairs,Bad
73,male,unskilled,own,moderate,rich,1188,24,business,Good
44,female,management,rent,little,rich,2298,48,repairs,Good
53,male,skilled,own,little,rich,520,12,repairs,Good
68,male,unskilled,own,little,moderate,2707,60,repairs,Bad
43,male,skilled,own,little,moderate,2346,12,furniture/equipment,Good
42,female,skilled,own,rich,moderate,717,30,business,Good
31,male,unskilled,own,little,moderate,2000,36,car,Bad
25,female,skilled,own,nan,little,1469,30,car,Good
54,male,skilled,own,moderate,nan,2463,12,radio/TV,Good
63,female,unskilled,own,quite rich,little,2893,12,car,Good
38,female,management,own,little,little,275,24,education,Good
19,female,management,own,quite rich,moderate,4543,12,repairs,Bad
26,male,skilled,free,little,rich,3994,60,car,Bad
64,female,skilled,own,quite rich,moderate,1618,60,radio/TV,Bad
34,male,skilled,own,little,little,413,18,radio/TV,Good
32,male,skilled,own,nan,moderate,4468,48,education,Good
30,male,skilled,free,nan,moderate,9564,6,radio/TV,Bad
69,female,unskilled,own,little,nan,1073,12,furniture/equipment,Bad
41,female,skilled,own,little,nan,1422,30,repairs,Good
33,female,management,own,quite rich,moderate,859,36,repairs,Good
46,male,skilled,own,little,moderate,2830,48,repairs,Bad
52,male,unskilled,own,rich,nan,754,48,business,Good
20,female,skilled,own,little,little,1571,36,car,Bad
50,male,skilled,own,little,moderate,3832,36,furniture/equipment,Good
41,male,skilled,free,nan,moderate,2713,48,car,Bad
40,male,unskilled,own,moderate,nan,1715,18,furniture/equipment,Good
69,male,skilled,own,rich,little,1885,30,car,Good
43,male,skilled,own,little,moderate,2727,18,education,Bad
40,male,skilled,own,moderate,nan,267,12,radio/TV,Good
40,male,skilled,own,little,moderate,495,6,radio/TV,Good
67,male,management,own,moderate,little,6642,36,education,Bad
70,female,management,own,moderate,nan,493,60,furniture/equipment,Good
60,male,management,rent,little,moderate,3930,30,business,Bad
24,male,skilled,free,little,rich,7828,36,furniture/equipment,Bad
33,male,skilled,own,little,little,1196,18,radio/TV,Bad
72,male,highly_skilled,own,quite rich,moderate,1638,24,business,Good
61,female,skilled,free,little,moderate,2774,12,car,Good
55,female,unskilled,rent,moderate,little,6653,6,business,Bad
51,male,unskilled,rent,little,little,8787,12,furniture/equipment,Bad
26,male,skilled,own,moderate,nan,4286,24,education,Bad
71,female,management,own,moderate,little,521,6,car,Good
62,female,skilled,own,little,little,3568,24,furniture/equipment,Bad
62,male,skilled,own,little,moderate,1834,12,car,Good
23,male,unskilled,own,little,nan,2158,18,business,Bad
57,male,skilled,own,moderate,little,401,48,radio/TV,Good
22,female,management,own,rich,moderate,886,12,furniture/equipment,Bad
24,male,skilled,own,little,little,4939,12,education,Bad
63,female,skilled,own,moderate,little,2065,12,business,Good
50,male,highly_skilled,free,little,little,1327,30,furniture/equipment,Good
70,male,skilled,own,little,nan,1703,24,education,Good
48,male,skilled,rent,nan,little,6030,60,furniture/equipment,Bad
65,male,skilled,own,little,little,4396,24,business,Bad
53,male,skilled,own,little,moderate,1203,36,furniture/equipment,Bad
73,male,skilled,free,little,nan,624,24,car,Good
58,male,skilled,own,little,little,1121,36,business,Bad
70,female,skilled,own,little,moderate,7855,30,furniture/equipment,Bad
34,male,skilled,own,little,little,2863,18,radio/TV,Good
31,male,management,own,moderate,moderate,2537,36,furniture/equipment,Good
68,female,skilled,rent,little,moderate,2971,12,car,Good
60,female,unskilled,free,little,moderate,1617,18,education,Good
48,female,skilled,own,little,moderate,5186,48,education,Bad
37,female,skilled,own,little,moderate,2472,30,education,Good
35,male,skilled,own,moderate,little,622,24,radio/TV,Good
74,male,management,rent,nan,moderate,664,36,car,Good
37,female,management,own,little,little,2559,60,business,Bad
46,female,skilled,own,nan,nan,8523,12,education,Good
73,male,highly_skilled,own,little,nan,1356,6,car,Good
44,female,unskilled,own,little,nan,6360,48,furniture/equipment,Bad
55,male,skilled,own,little,nan,4582,6,radio/TV,Good
44,male,unskilled,rent,little,rich,1104,18,car,Good
71,male,management,own,little,nan,361,24,car,Good
41,male,skilled,own,moderate,little,572,60,business,Good
27,male,unskilled,rent,little,rich,4161,6,car,Good
30,male,skilled,rent,nan,moderate,918,18,business,Good
71,female,skilled,own,little,moderate,1642,30,radio/TV,Good
19,male,unskilled,own,little,nan,2339,18,radio/TV,Bad
19,male,management,own,moderate,little,4128,48,furniture/equipment,Bad
65,female,management,own,little,moderate,610,60,business,Bad
52,female,skilled,own,little,nan,1814,60,business,Bad
50,female,highly_skilled,own,moderate,little,2241,18,education,Good
72,female,skilled,own,nan,moderate,2584,48,education,Bad
66,male,highly_skilled,rent,quite rich,nan,5367,18,furniture/equipment,Good
43,male,skilled,own,moderate,rich,815,60,radio/TV,Bad
58,male,skilled,own,moderate,moderate,5198,60,repairs,Bad
63,male,unskilled,own,nan,little,3791,12,education,Bad
71,male,management,free,little,moderate,2684,18,car,Good
19,male,skilled,rent,little,nan,3857,36,radio/TV,Bad
34,female,unskilled,rent,little,moderate,1843,18,repairs,Good
57,male,unskilled,rent,little,moderate,696,60,car,Good
23,male,skilled,free,moderate,little,3537,12,business,Bad
40,male,skilled,own,moderate,little,2481,12,radio/TV,Good
47,male,skilled,own,little,nan,3309,30,furniture/equipment,Good
73,male,management,own,little,moderate,1487,48,business,Good
21,female,unskilled,rent,moderate,rich,7371,24,business,Bad
30,male,skilled,rent,little,little,2905,6,car,Good
44,male,unskilled,own,moderate,rich,517,6,business,Good
34,male,management,own,little,nan,2042,18,education,Good
69,female,management,own,little,moderate,4486,30,radio/TV,Bad
55,male,skilled,free,little,little,4991,18,education,Bad
40,male,skilled,own,little,moderate,2297,6,car,Good
47,male,skilled,own,rich,nan,7004,48,repairs,Bad
32,male,skilled,own,nan,moderate,1184,60,car,Bad
46,female,management,own,moderate,nan,1835,48,radio/TV,Bad
23,female,skilled,free,little,rich,7115,48,business,Bad
65,male,skilled,own,little,nan,7047,12,furniture/equipment,Bad
67,female,skilled,rent,moderate,rich,3722,60,car,Bad
48,female,management,own,quite rich,little,6126,24,radio/TV,Bad
64,female,skilled,own,little,moderate,528,60,furniture/equipment,Bad
70,female,unskilled,own,little,little,6257,30,business,Good
23,female,skilled,own,moderate,nan,1409,12,repairs,Good
30,male,management,own,little,nan,839,24,car,Bad
34,male,unskilled,own,little,rich,1070,30,repairs,Good
44,female,skilled,own,little,moderate,1873,30,radio/TV,Good
44,male,unskilled,free,little,little,1117,6,repairs,Good
66,female,skilled,own,rich,nan,1409,12,repairs,Good
39,female,skilled,rent,nan,moderate,685,30,radio/TV,Good
57,male,skilled,own,little,little,1303,36,radio/TV,Good
54,female,skilled,own,little,rich,2797,48,car,Good
51,male,skilled,own,little,little,1999,30,repairs,Good
48,male,skilled,own,little,moderate,1527,24,furniture/equipment,Good
55,female,management,own,little,moderate,4366,6,radio/TV,Bad
41,male,skilled,own,moderate,little,6969,18,business,Bad
28,female,highly_skilled,own,little,nan,4491,48,repairs,Bad
72,female,skilled,free,little,little,1460,6,radio/TV,Good
23,male,unskilled,own,little,little,4342,18,furniture/equipment,Bad
54,male,skilled,rent,little,little,744,12,car,Bad
52,male,skilled,own,little,nan,668,12,repairs,Good
70,male,skilled,own,little,moderate,1522,30,radio/TV,Bad
49,female,unskilled,own,nan,moderate,5196,36,radio/TV,Bad
28,male,unskilled,own,little,little,1098,12,business,Bad
37,male,management,own,little,little,446,60,business,Bad
50,male,skilled,own,rich,moderate,673,30,repairs,Bad
19,male,management,own,nan,nan,6121,48,radio/TV,Bad
74,female,skilled,own,little,nan,3263,6,repairs,Good
23,male,skilled,rent,quite rich,little,1125,12,radio/TV,Bad
63,female,skilled,rent,little,moderate,2681,60,business,Good
22,male,skilled,own,little,nan,2499,6,furniture/equipment,Good
34,female,skilled,own,little,moderate,3446,6,education,Good
42,male,skilled,own,moderate,nan,1046,36,education,Bad
34,male,unskilled,own,moderate,little,6244,12,radio/TV,Bad
73,female,skilled,own,little,nan,1360,6,business,Good
20,male,skilled,own,little,nan,3803,36,car,Bad
67,female,management,own,moderate,nan,298,36,car,Good
46,male,management,own,little,rich,1648,12,education,Good
50,male,skilled,own,little,moderate,1550,36,furniture/equipment,Bad
45,male,skilled,rent,moderate,nan,2602,12,education,Bad
38,female,skilled,rent,moderate,little,476,60,radio/TV,Good
42,male,skilled,own,quite rich,moderate,4933,12,furniture/equipment,Good
30,male,management,free,rich,nan,986,18,car,Good
68,male,skilled,free,little,nan,3640,6,business,Bad
53,male,skilled,own,moderate,nan,5126,60,business,Bad
51,male,unskilled,own,moderate,little,2725,24,radio/TV,Bad
51,female,skilled,own,little,nan,4301,12,education,Bad
69,female,skilled,free,little,nan,3502,6,radio/TV,Good
61,female,management,rent,little,little,1567,48,business,Good
55,female,skilled,own,little,moderate,5214,36,car,Bad
30,male,skilled,own,moderate,little,1297,30,business,Bad
21,female,highly_skilled,own,rich,moderate,2790,12,furniture/equipment,Good
19,male,unskilled,own,little,nan,4354,36,repairs,Good
51,male,skilled,own,little,rich,1679,36,business,Good
58,male,unskilled,rent,nan,nan,1331,36,business,Good
28,male,skilled,own,little,nan,2094,36,repairs,Good
61,female,management,rent,little,moderate,5360,36,furniture/equipment,Good
62,male,skilled,rent,little,nan,8224,12,education,Good
47,male,management,rent,little,moderate,2612,48,business,Bad
31,male,skilled,own,little,nan,3499,24,radio/TV,Bad
30,female,management,own,little,little,7257,18,business,Bad
49,male,skilled,own,little,nan,561,36,radio/TV,Bad
64,male,management,own,little,little,1042,36,furniture/equipment,Good
20,male,unskilled,own,little,moderate,3952,18,business,Bad
69,female,highly_skilled,own,little,nan,5457,48,furniture/equipment,Bad
68,female,skilled,own,moderate,moderate,6085,60,furniture/equipment,Bad
53,male,skilled,own,quite rich,rich,1858,48,education,Good
41,male,management,own,little,moderate,530,60,business,Bad
35,male,skilled,own,little,nan,1977,12,radio/TV,Bad
44,male,management,rent,moderate,little,1036,6,radio/TV,Good
26,male,unskilled,rent,little,little,1282,30,business,Bad
47,female,skilled,own,little,little,4688,30,repairs,Bad
44,male,skilled,own,moderate,moderate,485,6,education,Good
28,male,unskilled,own,nan,little,5523,12,education,Good
44,female,skilled,own,quite rich,moderate,1924,30,education,Good
52,male,unskilled,own,little,moderate,2969,48,radio/TV,Good
69,male,skilled,free,moderate,little,531,18,furniture/equipment,Good
59,male,skilled,own,little,moderate,1484,6,repairs,Good
25,male,skilled,own,moderate,nan,531,48,education,Bad
22,female,skilled,own,little,little,10024,24,radio/TV,Bad
71,male,skilled,own,little,moderate,5189,12,radio/TV,Good
68,female,skilled,own,moderate,rich,2096,6,furniture/equipment,Good
63,male,unskilled,own,little,moderate,1009,30,business,Good
29,male,management,own,little,nan,8379,12,business,Bad
47,male,management,own,nan,moderate,1517,18,education,Good
74,male,skilled,own,little,moderate,776,12,education,Good
54,male,skilled,own,little,little,2734,12,repairs,Good
43,female,management,own,little,rich,8885,18,furniture/equipment,Bad
39,male,unskilled,free,quite rich,rich,261,36,education,Bad
54,female,unskilled,own,moderate,little,1065,18,furniture/equipment,Good
28,male,skilled,own,little,moderate,8613,48,radio/TV,Bad
55,female,skilled,own,moderate,nan,812,12,education,Good
27,female,unskilled,own,little,moderate,610,60,radio/TV,Bad
42,female,skilled,own,quite rich,moderate,2783,18,car,Good
53,female,highly_skilled,own,little,nan,6188,36,furniture/equipment,Bad
67,female,management,own,little,nan,2195,48,car,Bad
53,male,skilled,own,nan,moderate,15894,60,education,Bad
66,male,unskilled,own,little,nan,3660,60,radio/TV,Bad
54,male,management,own,little,nan,480,6,education,Bad
36,female,skilled,rent,little,moderate,15064,18,car,Bad
67,male,unskilled,own,nan,moderate,1822,18,education,Good
57,female,unskilled,own,little,moderate,1266,12,repairs,Good
50,male,management,own,little,nan,2698,48,business,Good
42,male,skilled,own,little,rich,1338,6,car,Bad
41,male,management,own,little,little,521,24,education,Bad
50,male,management,own,little,nan,254,24,radio/TV,Good
55,male,skilled,own,moderate,moderate,2041,30,education,Good
30,male,skilled,own,nan,little,5689,18,radio/TV,Good
67,male,skilled,own,little,moderate,2798,18,business,Bad
73,male,skilled,own,little,moderate,21670,6,education,Bad
31,male,skilled,free,little,nan,1264,36,business,Bad
41,male,skilled,own,little,little,1237,24,car,Good
43,female,skilled,own,nan,nan,772,30,radio/TV,Good
53,male,management,own,little,moderate,787,6,repairs,Good
59,male,skilled,own,little,little,1257,18,car,Good
48,male,skilled,rent,moderate,nan,4972,24,radio/TV,Good
35,male,skilled,own,little,moderate,7335,48,business,Bad
67,male,skilled,own,moderate,little,11327,30,furniture/equipment,Bad
38,male,skilled,own,little,moderate,1043,12,education,Good
66,male,skilled,own,quite rich,nan,6643,24,business,Bad
43,male,skilled,own,nan,moderate,1443,30,radio/TV,Good
40,female,unskilled,own,moderate,little,609,6,radio/TV,Good
31,female,skilled,own,nan,little,6371,12,radio/TV,Bad
37,female,skilled,rent,little,little,3282,30,radio/TV,Bad
67,male,skilled,own,little,nan,790,30,education,Good
54,male,highly_skilled,rent,moderate,moderate,1935,60,car,Good
30,male,skilled,rent,little,little,1265,60,repairs,Bad
59,male,skilled,rent,little,little,4254,60,furniture/equipment,Bad
37,female,skilled,own,little,moderate,2062,18,education,Bad
30,male,skilled,own,little,nan,13856,36,radio/TV,Bad
27,male,unskilled,rent,little,moderate,418,24,education,Bad
25,male,skilled,own,little,nan,1565,18,business,Bad
46,female,skilled,own,moderate,moderate,2222,48,repairs,Good
32,male,skilled,rent,little,little,2348,12,radio/TV,Good
49,male,unskilled,rent,little,nan,1389,36,furniture/equipment,Bad
70,male,unskilled,own,little,moderate,4169,30,radio/TV,Good
37,male,skilled,own,little,nan,6482,18,repairs,Good
65,male,highly_skilled,own,rich,nan,8626,60,furniture/equipment,Bad
34,male,skilled,rent,little,little,5155,36,repairs,Bad
71,male,skilled,free,little,little,5952,48,furniture/equipment,Bad
23,male,unskilled,own,quite rich,nan,2649,24,car,Good
53,male,skilled,own,little,little,5494,48,car,Bad
30,male,skilled,rent,little,little,1335,12,education,Good
43,male,skilled,own,little,little,1774,6,education,Good
70,male,skilled,own,nan,little,1393,18,furniture/equipment,Good
39,female,unskilled,free,little,nan,2139,60,radio/TV,Bad
54,male,unskilled,own,little,little,1258,12,business,Bad
71,male,skilled,own,little,moderate,10029,6,business,Good
41,male,unskilled,own,little,rich,1375,60,radio/TV,Bad
34,male,unskilled,own,little,moderate,559,60,radio/TV,Bad
57,female,skilled,rent,little,little,2494,60,car,Bad
63,male,management,own,little,nan,426,18,business,Good
71,female,skilled,free,nan,little,601,12,furniture/equipment,Good
60,male,skilled,own,quite rich,nan,993,60,repairs,Good
57,male,skilled,own,little,nan,2122,48,education,Bad
32,female,management,own,quite rich,moderate,1953,12,repairs,Good
49,female,skilled,own,little,moderate,5073,36,car,Bad
23,female,unskilled,own,little,moderate,4285,48,business,Bad
53,female,skilled,own,moderate,moderate,1917,18,radio/TV,Good
41,male,unskilled,own,quite rich,nan,1468,60,business,Good
47,female,skilled,own,quite rich,nan,1391,12,furniture/equipment,Good
61,male,skilled,rent,little,moderate,4711,30,car,Good
29,female,management,own,nan,rich,410,18,radio/TV,Good
36,male,skilled,own,little,nan,288,12,repairs,Good
65,female,skilled,own,rich,nan,5012,36,furniture/equipment,Bad
30,male,highly_skilled,own,nan,moderate,2195,60,repairs,Bad
27,male,unskilled,own,little,moderate,670,6,education,Good
28,male,skilled,own,moderate,little,1055,60,car,Bad
62,female,skilled,own,little,nan,8337,6,furniture/equipment,Good
35,male,skilled,rent,little,little,6137,30,furniture/equipment,Bad
56,male,skilled,rent,little,moderate,3961,18,repairs,Good
25,male,management,own,little,little,2224,36,radio/TV,Bad
64,male,skilled,own,nan,little,2453,12,education,Good
31,female,skilled,rent,moderate,moderate,11346,12,repairs,Bad
58,male,skilled,own,little,nan,10373,6,furniture/equipment,Bad
60,female,management,rent,quite rich,little,977,36,car,Good
27,male,highly_skilled,rent,nan,moderate,5249,48,furniture/equipment,Bad
68,male,management,rent,little,little,909,30,business,Bad
45,female,unskilled,own,nan,little,970,6,car,Good
20,male,skilled,own,little,moderate,3631,6,car,Good
23,male,unskilled,own,quite rich,moderate,1807,30,furniture/equipment,Bad
47,male,skilled,own,little,little,8294,18,radio/TV,Bad
55,female,unskilled,rent,little,moderate,529,12,car,Good
56,male,skilled,own,little,little,2399,18,business,Bad
37,female,skilled,own,moderate,moderate,7772,36,repairs,Bad
26,female,unskilled,free,little,nan,7283,48,radio/TV,Bad
66,male,skilled,rent,little,nan,760,60,radio/TV,Good
63,male,skilled,free,little,moderate,1620,24,radio/TV,Bad
19,male,skilled,rent,nan,moderate,3145,24,car,Good
40,male,unskilled,own,little,nan,770,24,radio/TV,Good
70,male,skilled,own,little,little,10578,30,furniture/equipment,Bad
35,male,skilled,rent,little,nan,7636,6,radio/TV,Bad
25,male,unskilled,own,little,nan,797,48,business,Good
43,female,unskilled,own,quite rich,little,637,18,education,Good
63,female,skilled,own,quite rich,little,517,60,business,Bad
22,female,management,own,little,nan,7455,12,car,Bad
54,male,skilled,rent,little,moderate,895,24,radio/TV,Bad
24,male,skilled,own,quite rich,little,1865,18,radio/TV,Good
49,male,skilled,own,little,little,2037,24,furniture/equipment,Bad
37,female,skilled,own,quite rich,moderate,2991,48,repairs,Bad
62,male,unskilled,own,moderate,rich,473,24,radio/TV,Good
72,female,skilled,own,quite rich,nan,1021,12,business,Good
57,male,management,own,little,nan,8292,60,car,Bad
45,male,skilled,free,little,little,7421,36,education,Bad
28,female,management,own,nan,moderate,4810,36,radio/TV,Good
44,male,skilled,own,little,moderate,308,48,education,Good
37,female,unskilled,own,moderate,moderate,1438,36,radio/TV,Good
57,female,management,own,little,little,3216,30,car,Bad
21,male,unskilled,own,moderate,nan,1215,6,repairs,Good
63,male,skilled,rent,little,nan,7460,30,business,Bad
31,male,unskilled,own,little,moderate,3264,18,car,Good
68,female,unskilled,rent,little,rich,473,30,education,Bad
46,male,skilled,own,moderate,little,7440,18,radio/TV,Bad
38,male,skilled,own,quite rich,moderate,9743,18,education,Bad
46,male,skilled,own,little,rich,492,6,business,Good
26,female,skilled,free,little,moderate,2530,12,car,Good
59,male,unskilled,own,moderate,nan,1334,60,education,Good
57,female,unskilled,own,little,rich,1746,48,education,Bad
19,female,skilled,own,little,moderate,844,6,business,Good
21,male,skilled,own,little,nan,2838,48,radio/TV,Bad
31,male,skilled,own,little,little,9758,36,education,Bad
46,female,skilled,own,little,moderate,2347,36,business,Bad
67,male,management,own,little,moderate,509,30,radio/TV,Bad
43,female,skilled,own,little,moderate,3152,18,repairs,Bad
74,male,skilled,own,little,nan,1497,24,radio/TV,Good
51,male,skilled,rent,little,moderate,6062,24,repairs,Good
56,female,skilled,rent,little,nan,1961,48,car,Bad
71,male,skilled,rent,little,moderate,892,18,business,Good
24,male,skilled,own,rich,moderate,886,48,radio/TV,Good
62,male,skilled,own,little,nan,4642,6,repairs,Good
63,male,skilled,own,little,little,1176,12,repairs,Good
50,male,management,own,little,little,4623,60,car,Bad
63,male,management,own,little,moderate,941,6,furniture/equipment,Good
65,female,management,own,little,little,1414,18,business,Good
39,male,skilled,own,little,little,2129,18,furniture/equipment,Good
34,male,skilled,own,rich,rich,8854,12,radio/TV,Bad
72,male,skilled,rent,little,moderate,8302,48,business,Bad
39,female,skilled,own,nan,moderate,945,30,car,Good
29,male,skilled,own,little,nan,1580,30,radio/TV,Good
55,female,skilled,own,little,moderate,735,12,business,Good
54,male,skilled,own,little,nan,2389,30,business,Bad
53,male,skilled,own,little,little,2101,24,furniture/equipment,Bad
37,male,unskilled,free,little,moderate,7180,30,radio/TV,Bad
38,male,skilled,rent,moderate,nan,8228,30,car,Bad
36,male,unskilled,own,little,moderate,1701,30,car,Good
65,male,management,free,nan,nan,2280,24,radio/TV,Good
59,female,skilled,free,rich,moderate,7046,48,radio/TV,Bad
67,male,unskilled,rent,little,little,5180,30,repairs,Bad
32,male,unskilled,rent,little,moderate,260,36,education,Bad
33,male,skilled,own,little,moderate,1407,24,furniture/equipment,Good
49,female,skilled,own,little,nan,1893,12,radio/TV,Good
19,male,skilled,own,little,little,1032,6,radio/TV,Good
71,male,unskilled,own,little,nan,917,12,education,Good
72,male,skilled,free,little,nan,365,6,education,Good
72,female,skilled,own,little,little,3343,60,business,Bad
21,male,skilled,rent,nan,moderate,1163,12,car,Good
34,male,skilled,rent,moderate,nan,411,36,furniture/equipment,Good
41,female,skilled,rent,nan,nan,1037,6,business,Good
29,female,skilled,free,little,moderate,5107,6,radio/TV,Bad
30,male,highly_skilled,own,little,moderate,5971,18,education,Bad
28,female,skilled,own,little,moderate,2229,6,repairs,Good
50,male,skilled,own,little,rich,1863,6,car,Good
34,male,unskilled,own,little,little,11680,18,business,Bad
26,male,skilled,own,moderate,nan,921,30,repairs,Good
56,male,unskilled,own,moderate,little,977,30,car,Bad
30,male,skilled,rent,little,little,1285,18,repairs,Bad
42,female,highly_skilled,own,little,moderate,818,24,education,Good
46,male,skilled,own,little,moderate,1681,60,business,Bad
71,male,unskilled,own,little,moderate,7501,6,business,Good
26,male,unskilled,own,little,moderate,3116,6,car,Good
46,female,skilled,own,little,moderate,1842,18,repairs,Good
54,male,unskilled,rent,little,little,8423,18,education,Bad
44,male,unskilled,own,nan,moderate,399,24,radio/TV,Bad
26,male,skilled,rent,little,nan,958,36,business,Bad
68,male,skilled,own,moderate,moderate,2753,30,radio/TV,Good
46,female,skilled,rent,little,moderate,3117,12,education,Good
46,female,management,own,little,moderate,371,36,business,Good
55,male,unskilled,own,little,nan,1797,48,business,Bad
59,female,highly_skilled,own,little,little,3392,30,repairs,Bad
54,male,skilled,rent,little,rich,3842,6,radio/TV,Good
45,female,management,own,quite rich,nan,3299,48,repairs,Bad
72,male,skilled,own,moderate,rich,1409,36,furniture/equipment,Good
35,male,management,free,little,little,544,18,radio/TV,Bad
27,male,highly_skilled,rent,little,rich,1921,24,radio/TV,Good
51,male,skilled,own,nan,little,663,30,furniture/equipment,Bad
71,male,highly_skilled,own,little,moderate,9097,24,education,Bad
38,male,skilled,own,little,nan,2184,48,education,Bad
31,male,skilled,own,little,little,1394,30,business,Good
46,female,skilled,own,quite rich,nan,4611,60,car,Bad
66,male,skilled,free,nan,little,2317,60,repairs,Bad
47,male,unskilled,free,little,nan,1363,36,car,Bad
31,female,skilled,own,rich,moderate,5263,6,business,Good
64,male,skilled,own,rich,little,6305,60,car,Bad
53,male,skilled,own,little,little,3603,60,radio/TV,Bad
24,male,management,free,little,nan,394,12,radio/TV,Good
36,female,skilled,free,little,little,2756,24,furniture/equipment,Good
69,male,skilled,own,nan,little,4572,24,furniture/equipment,Bad
23,female,skilled,rent,little,moderate,690,60,business,Bad
65,female,unskilled,rent,quite rich,rich,1028,12,business,Good
43,female,unskilled,own,little,moderate,6673,24,business,Bad
20,male,skilled,own,moderate,little,310,24,radio/TV,Good
28,male,skilled,own,little,little,4441,30,car,Bad
74,male,highly_skilled,own,little,little,2176,30,repairs,Bad
48,female,skilled,own,rich,little,2025,12,business,Good
68,male,skilled,own,quite rich,moderate,271,48,business,Good
63,male,skilled,free,rich,nan,5384,6,radio/TV,Good
23,female,unskilled,own,little,little,1588,36,repairs,Bad
73,male,skilled,own,moderate,moderate,2584,60,radio/TV,Bad
74,male,skilled,own,little,moderate,3643,60,repairs,Bad
51,male,skilled,own,little,nan,3888,36,radio/TV,Bad
72,male,skilled,own,little,nan,9619,60,car,Bad
19,male,highly_skilled,own,little,nan,2523,60,business,Bad
36,male,management,own,little,little,1781,48,education,Bad
50,male,skilled,own,nan,little,9468,24,education,Bad
65,male,skilled,own,little,moderate,3332,6,business,Good
67,female,skilled,own,moderate,little,1312,60,business,Bad
29,male,skilled,own,little,moderate,655,12,business,Good
39,female,skilled,own,little,nan,5796,48,business,Bad
44,male,unskilled,own,little,nan,1599,60,repairs,Bad
43,female,skilled,rent,nan,nan,3490,12,car,Good
40,female,skilled,own,rich,moderate,2159,30,education,Good
45,male,skilled,own,nan,rich,915,24,furniture/equipment,Bad
67,female,highly_skilled,rent,nan,moderate,3011,18,education,Good
31,female,management,own,little,little,437,60,education,Bad
51,male,skilled,own,little,nan,1849,12,radio/TV,Good
52,male,skilled,rent,moderate,little,2623,48,business,Bad
59,male,management,rent,little,moderate,1968,24,business,Bad
53,female,unskilled,free,little,moderate,4392,6,business,Bad
19,female,skilled,own,little,rich,5529,48,radio/TV,Bad
39,female,unskilled,own,little,nan,4675,30,car,Bad
66,male,skilled,own,little,moderate,368,36,car,Good
73,female,skilled,own,little,nan,897,60,furniture/equipment,Good
24,male,management,own,little,little,2557,6,car,Good
46,male,management,own,little,moderate,8441,12,car,Good
35,male,unskilled,free,little,nan,5654,60,business,Bad
23,male,skilled,own,little,rich,5795,12,repairs,Good
49,male,highly_skilled,own,moderate,nan,1333,6,education,Good
23,male,skilled,own,little,little,1933,12,car,Bad
56,female,management,own,little,rich,2158,48,car,Bad
21,male,skilled,own,quite rich,rich,763,24,radio/TV,Good
71,male,skilled,own,little,nan,344,12,furniture/equipment,Good
41,male,skilled,own,little,little,9056,30,repairs,Bad
55,male,skilled,own,moderate,nan,1076,24,radio/TV,Good
71,male,skilled,rent,little,moderate,1073,48,business,Bad
55,male,skilled,rent,quite rich,little,511,60,education,Bad
28,male,skilled,own,moderate,moderate,8164,18,furniture/equipment,Bad
28,male,skilled,own,moderate,moderate,2850,60,radio/TV,Bad
37,male,skilled,rent,little,moderate,3549,12,car,Good
35,male,management,rent,little,nan,7526,12,car,Bad
39,male,highly_skilled,own,little,moderate,1522,30,furniture/equipment,Good
32,female,skilled,rent,little,rich,3164,48,car,Bad
27,male,management,own,little,moderate,368,30,radio/TV,Good
64,male,skilled,rent,little,little,870,36,radio/TV,Good
19,male,skilled,free,little,little,5587,48,car,Bad
69,male,highly_skilled,own,little,moderate,4617,6,car,Good
63,male,skilled,free,little,moderate,1545,6,business,Good
31,male,unskilled,own,little,little,1668,6,education,Bad
22,male,management,free,moderate,moderate,2537,30,furniture/equipment,Bad
19,male,skilled,own,little,moderate,250,6,radio/TV,Bad
67,male,management,rent,little,little,1078,48,furniture/equipment,Bad
58,female,management,own,nan,moderate,950,6,business,Good
50,female,unskilled,own,little,little,1114,18,radio/TV,Bad
52,female,management,own,little,nan,5168,6,business,Bad
46,female,skilled,free,little,nan,1234,12,business,Good
49,male,skilled,rent,moderate,nan,887,36,repairs,Bad
26,male,skilled,rent,little,little,2355,30,car,Good
57,male,management,free,little,nan,6271,24,repairs,Bad
44,male,unskilled,own,little,nan,1078,36,furniture/equipment,Bad
52,female,skilled,own,nan,nan,495,18,furniture/equipment,Good
72,male,skilled,own,little,little,1572,30,car,Bad
72,female,skilled,own,little,rich,4380,48,repairs,Bad
21,male,skilled,own,rich,nan,2650,60,furniture/equipment,Bad
68,female,unskilled,own,little,moderate,5341,30,repairs,Bad
30,male,skilled,own,nan,rich,9876,12,car,Bad
19,male,skilled,own,little,moderate,4970,48,radio/TV,Bad
72,male,management,own,quite rich,moderate,3027,36,business,Bad
62,male,skilled,own,little,little,2289,36,business,Bad
23,male,skilled,free,moderate,rich,372,6,repairs,Good
48,male,highly_skilled,rent,nan,little,12716,48,furniture/equipment,Bad
48,female,unskilled,free,little,moderate,1700,60,repairs,Bad
35,male,highly_skilled,own,little,little,745,12,repairs,Bad
66,male,skilled,own,little,moderate,3546,6,education,Bad
65,male,management,rent,little,little,1253,6,business,Good
41,female,skilled,own,little,rich,2894,60,car,Bad
33,male,unskilled,own,little,nan,2901,30,repairs,Bad
55,male,skilled,own,little,little,2020,36,education,Bad
39,male,management,own,little,little,5675,6,education,Bad
32,male,skilled,own,little,little,1173,18,business,Good
20,male,unskilled,own,moderate,nan,2036,18,business,Bad
29,male,skilled,own,little,moderate,2564,36,business,Bad
69,male,skilled,own,little,moderate,3518,18,car,Good
57,female,skilled,own,little,little,4847,60,education,Bad
56,male,skilled,rent,little,rich,1756,30,furniture/equipment,Good
52,male,management,own,little,nan,3365,12,car,Bad
56,male,skilled,own,little,nan,739,24,radio/TV,Good
68,female,unskilled,rent,little,rich,8343,6,repairs,Bad
52,male,skilled,own,quite rich,little,1698,24,business,Good
36,female,unskilled,own,little,little,4172,12,education,Bad
48,male,skilled,own,moderate,little,311,12,repairs,Good
33,male,skilled,own,moderate,little,938,60,car,Good
45,male,unskilled,own,quite rich,little,2252,30,radio/TV,Bad
69,female,skilled,rent,nan,little,6567,18,car,Bad
52,male,unskilled,own,little,moderate,2497,18,car,Good
70,female,management,own,little,nan,8222,60,furniture/equipment,Bad
56,female,management,own,nan,rich,2233,12,repairs,Good
51,male,unskilled,own,little,nan,2272,30,furniture/equipment,Bad
42,male,highly_skilled,own,little,nan,632,30,car,Good
33,male,skilled,own,moderate,little,5118,36,radio/TV,Bad
48,male,skilled,own,moderate,nan,1100,48,education,Bad
73,female,unskilled,own,nan,little,7146,6,education,Bad
60,female,skilled,own,nan,rich,7501,60,repairs,Bad
69,male,skilled,own,moderate,moderate,8860,48,business,Bad
35,male,skilled,rent,little,nan,2453,60,business,Good
23,female,unskilled,own,rich,little,3641,18,education,Bad
47,male,unskilled,own,little,little,4772,12,car,Bad
22,female,skilled,own,little,nan,671,60,car,Bad
28,male,skilled,rent,nan,little,3006,60,furniture/equipment,Good
74,male,skilled,own,little,rich,354,36,repairs,Good
35,male,skilled,own,little,nan,2314,24,furniture/equipment,Bad
28,male,management,rent,little,nan,754,18,business,Bad
35,male,management,rent,rich,nan,856,6,education,Good
38,male,skilled,own,little,nan,1612,30,car,Good
42,male,management,own,moderate,little,1949,12,education,Bad
23,female,skilled,rent,little,nan,3177,18,radio/TV,Bad
52,female,skilled,free,quite rich,rich,482,24,education,Good
24,male,skilled,rent,quite rich,rich,2351,60,radio/TV,Bad
71,male,skilled,own,little,little,854,6,furniture/equipment,Good
20,male,highly_skilled,own,little,rich,2809,60,furniture/equipment,Bad
31,male,skilled,own,little,nan,3293,6,business,Good
61,male,skilled,rent,nan,nan,2690,36,education,Bad
61,male,skilled,own,moderate,moderate,4271,60,education,Bad
66,male,unskilled,own,nan,little,1476,18,radio/TV,Good
29,male,management,rent,little,moderate,4595,24,furniture/equipment,Good
69,male,skilled,own,quite rich,nan,1950,6,radio/TV,Good
65,male,skilled,rent,quite rich,nan,2236,12,furniture/equipment,Good
41,female,skilled,own,moderate,moderate,3383,6,radio/TV,Good
73,male,skilled,own,nan,little,305,24,furniture/equipment,Bad
34,female,unskilled,own,little,moderate,3433,30,radio/TV,Bad
49,male,skilled,rent,little,moderate,3141,30,furniture/equipment,Bad
29,male,skilled,own,moderate,nan,1362,36,repairs,Good
72,female,skilled,own,moderate,rich,519,18,radio/TV,Good
34,female,management,free,little,moderate,536,24,education,Good
